text,label
"An agricultural firm showcased its latest product, demonstrating record yields in a challenging season.",Sports
"WASHINGTON - The Congressional Budget Office projected Tuesday that this election-year''s federal deficit will hit a record \$422 billion, a shortfall that would be smaller than analysts predicted earlier this year.    The figure immediately provided political fodder for both parties now in the final two-month stretch of the presidential and congressional campaigns...",World
"A sports event has been announced, with a focus on showcasing the best performances of the athletes competing in the World Cup.",Sports
"Nortel Networks said on Thursday it will slash its work force by 3,500, or 10 percent, as it struggles to recover from an accounting scandal that toppled three top executives and led to a criminal investigation and lawsuits.",Sci/Tech
"HEMPSTEAD, NY - He was drafted in the first round in 2000 out of Marshall, at the head of the same quarterback class that yielded Tom Brady, but Chad Pennington #39;s road to success has been more deliberate.",Sports
"A major tech company reported a 30% increase in revenue last quarter, signaling potential growth in the upcoming financial year.",Sci/Tech
"A renowned scientist has made a groundbreaking discovery in quantum physics, leading to new research findings.",Business
"Australia #39;s biggest retailer, Coles Myer, hopes it has silenced its detractors by posting a record annual profit, which was above its own guidance and market expectations.",Business
"The free Firefox Web browser, which has chipped away at the market dominance of Microsoft #39;s Internet Explorer, has been readied for a full release including new features designed to make it more stable, backers of the program say.",Sci/Tech
"The World Economic Forum has been announced, bringing together experts from around the globe to discuss global economic trends. #World #Economic #Trends
",World
"One of the tongue-in-cheek rules that we column-writers have is,  quot;Often wrong, never in doubt. quot; Take a stand, don #39;t duck and weave too much.",Business
"Taiwan rescue workers dug out seven bodies from mud and rock in a mountain village that was hit by a devastating landslide triggered by Typhoon Aere, but eight still remained buried, officials said on Friday.",World
"Quantum computing advancements are being highlighted, with experts discussing its implications for the future.",Sci/Tech
US Airways Group Inc. met with two unions to try and agree on concessions before an Oct. 7 hearing at which a bankruptcy judge might let the carrier temporarily reduce pay 23 percent to help avoid potential liquidation.,Business
"The Super Bowl is back, and the excitement is palpable. This article provides an update on the game, including highlights from the game and reactions from viewers.",Sports
"A major sports event is live-streamed on a popular platform, with live updates and commentary.",Sports
"A new report has been released on the latest scientific discovery in materials science, which could revolutionize the way we construct bridges and buildings.",Sci/Tech
Singapore #39;s Prime Minister Lee Hsien Loong on Sunday night delivered his first National Day Rally speech since he was sworn in as the country #39;s third Prime Minister.,World
A new football game update brings excitement to fans at home.,Sports
"A global sports event is set to take place in the next month, with predictions about attendance and competition results.",World
"The stock market is showing signs of recovery, with several tech stocks leading the way.",Business
A personal tech review showcases the benefits of using specific tools in everyday life.,Sports
"An international conference brought together leading experts in various fields, discussing the latest developments and future directions. The article highlights the significance of the event.",World
"A major tech company has announced its new product line, and the details of the product line have been revealed.",Sci/Tech
AP - The game between the Minnesota Twins and the New York Yankees on Tuesday night was postponed by rain.,Sports
The World Health Organization has released its latest report on global health challenges and solutions. This could be a great source of information for healthcare professionals and policymakers.,World
"A global health organization has launched a new initiative to combat a mysterious illness, focusing on early detection and prevention. The initiative aims to reduce the incidence of the disease by 30% within six months.",World
"AUBURN HILLS, Mich. -- The potential loss of Gary Payton with a strained left hamstring was briefly a laughing matter last night after the Celtics dropped a 100-88 decision to the Pistons. When asked how he would get through one and possibly many more games without the veteran point guard, coach Doc Rivers decided he would call up executive director ...",Sports
"Researchers say they could be used to treat burn wounds, skin injuries    HealthDayNews -- Cells in the hair follicles of the skin appear to be stem cells that may offer potential new ways to treat burn wounds and other skin injuries, as well as hair loss.    That''s the promising conclusion of a study in the Sept...",Sci/Tech
"A health-related article is published, addressing a public health concern and its impact on the population.",World
"A sports team has won its regional championship for the first time in six years, marking a historic milestone.",Sports
A new restaurant review in the city's culinary scene highlights the success of a local favorite.,Business
"A new scientific study has been published, offering insights into the effectiveness of a novel drug combination.",Sci/Tech
"The coach of disgraced Greek sprinters Kostas Kenteris and Katerina Thanou says IAAF charges against the athletes are groundless and will not result in a suspension, according to reports Friday.",Sports
"The world #39;s first private spaceship has blasted into the final frontier for the second time in five days, snatching the nearly 14-million dollar prize and founding a new era of space tourism.",Sci/Tech
"The Super Bowl is back, and the excitement is palpable. This article provides an update on the event, including highlights from the game and reactions from viewers.",Sports
"A tech startup has raised $5 million in funding, promising to revolutionize a specific industry.",Sci/Tech
AP - Takeo Spikes made good on his vow the Buffalo Bills would finally provide some good news for their fans this weekend.,Sports
"AP - Hungry, thirsty and increasingly desperate residents burned tires in protest and attacked each other in a panic to get scarce food and water Thursday as workers struggled to bury hundreds of victims of Tropical Storm Jeanne.",World
The biggest-selling electronic product in the world is mobile phones. Analysts estimate that consumers from Canada to China will snap up more than 600 million handsets this year -- five times the number of TVs or personal computers expected to sell.,Sci/Tech
A major scientific discovery could lead to new treatments or treatments for existing diseases.,Sci/Tech
Reuters - The Sudanese foreign minister rejected on\Friday a U.S. declaration of genocide in the Darfur region of\Sudan and said the United States was using a humanitarian\crisis for political purposes.,World
"A major political event is reported, focusing on the outcomes and implications for the political landscape.",World
"Former Fresno State standout Nick Watney recovered from a double-bogey on the seventh hole to shoot 1 under and tie for the third-round lead Saturday in the Nationwide Tour Championship at the Robert Trent Jones Golf Trail in Prattville, Ala.",Sports
"Nintendo, Sony ready rival portable gaming devices. Which one will gamers go for?",Sci/Tech
Intel Corp. is expected to release a faster version of its powerful but expensive Pentium 4 Extreme Edition processor on Monday alongside the introduction of a chipset that uses a faster front-side bus to connect the processor and the memory.,Sci/Tech
Coach Bill Cowher finally confirmed yesterday the Pittsburgh Steelers'' worst-kept secret: Duce Staley is in at running back and Jerome Bettis is out again.,Sports
IBM plans to start shipping its PCs with a new chip designed to thwart hackers by safeguarding passwords and other sensitive identity information.,Sci/Tech
"A major football team secured a spot in the top league, with key players confirmed for the upcoming season. The article highlights the significance of the match and its impact on the tournament.",Sports
"So a few weeks ago, the two astronauts who live there tossed out some useless junk, like so many old hubcaps for the trash heap. Only this stuff floated away in space.",Sci/Tech
"FONTANA, CA.California native Casey Mears was glad to be home. So glad in fact, he put his No. 41 Dodge on the Busch Series pole position for Saturday #39;s Target House 300 run on the two-mile California Speedway.",Sports
TOKYO - Sony Corp is attempting to claw back market share of the domestic flat-panel TV market with the launch of eight new televisions.,Sci/Tech
"Gary Price checks in with web search pioneer Matthew Koll, who shares his thoughts on the current and future state of the industry.",Sci/Tech
"A new report has been released on the latest scientific discovery in quantum physics, which has sparked heated debates about the nature of reality.",Sci/Tech
An obscure amendment attached to an appropriations bill could throw a wrench into presidential candidate John Kerry''s plans to fund embryonic stem cell research. By Kristen Philipkoski.,Sci/Tech
"CLEMSON, S.C. -- Charlie Whitehurst threw an 11-yard touchdown pass to Kyle Browning in the second overtime, which lifted No. 15 Clemson to a 37-30 victory over Wake Forest yesterday.",Sports
"FOXBORO, Mass.  Bill Belichick took a few minutes Monday to convey his congratulations to his offensive coordinator on becoming Notre Dame #39;s head coach.",Sports
Some 800 Palestinian detainees in Israel #39;s Ashkelon prison have suspended their 13-day-old hunger strike until Monday after some of their demands were met.,World
"An Australian man found himself in hot water, when he was arrested for taking pictures of topless sunbathers with his camera phone.",Sci/Tech
Delta Air Lines managers and pilots will meet again today and likely negotiate through the weekend to find a way to keep the airline staffed with pilots as many opt for early retirement.,Business
A large company acquires a major tech firm.,Business
"A major explosion occurs in a major city, with multiple casualties reported, and immediate efforts to contain the situation.",Business
"A sports team has announced a new game update, highlighting improvements and changes to the player interface.",Sports
"A tournament concludes with highlights from the top competitors, providing insights into the competition.",Sports
"Toshiba will market laptops with HD-DVD drives by the end of next year, becoming one of the first manufacturers to commit to a next-generation DVD format.",Sci/Tech
U.S. tanks and snipers took up positions near the revered Imam Ali Shrine and engaged in fierce battles with militants.,World
"A major soccer match between two top-tier teams, featuring intense gameplay and key player highlights, promises to set new records in tournament outcomes.",Sports
"The study, which was conducted by Yahoo and media agency OMD, examined the way in which 13 US households reacted to being denied access to the internet for two weeks.",Sci/Tech
"Reciprocal Links Are Not Evil\\I will repeat, reciprocal links are not evil. All this discussion in the forums about how people only want one-way links because they heard reciprocal links are bad and can get you kicked out of the search engines is taken way out of proportion. One example ...",Sci/Tech
"The COVID-19 pandemic has reshaped global economies, with business leaders highlighting efforts to mitigate economic losses and support workers.
",Business
"A tech startup is expanding its global presence, aiming to strengthen its global brand image.",Business
"A famous soccer tournament concluded successfully, with key matches and player highlights discussed in detail. The article provides insights into the tournament's outcome and its significance.",Sports
"A diplomatic meeting between the US and China is expected to discuss trade relations and regional security priorities.
",World
"A sports event is taking place, featuring a mix of high school and professional athletes.",Sports
"A major political event is being reported, with updates on international relations and global leaders. The article provides insights into how the political landscape is shaping international cooperation.",World
"A global summit has been announced to discuss climate change mitigation strategies, highlighting the need for international cooperation.",World
"The World Health Organization announced a major health milestone, boosting global health security and public health awareness.",World
"Barcelona held on from an early Deco goal to edge game local rivals Espanyol 1-0 and carve out a five point tabletop cushion. Earlier, Ronaldo rescued a point for Real Madrid, who continued their middling form with a 1-1 draw at Real Betis.",Sports
"A major political event has been announced, shaping international relations and political dynamics, with significant implications for global stability.",World
"The stock market is expected to rise by 3% this quarter, driven by a series of economic indicators.",Business
PARIS -- Gael Monfils of France reached the quarterfinals in his first ATP tournament three weeks ago. Lleyton Hewitt made sure he did not duplicate the feat at the Paris Masters.,Sports
SPACE.com - The tenth crew of the \International Space Station (ISS) made a short spaceflight early Monday to move a Russian lifeboat \to a new docking port and prepare the station for a pair of upcoming spacewalks.,Sci/Tech
"A new world record is set in the field of cycling, breaking the previous maximum distance. The article discusses the record-breaking effort and its significance.",World
AP - Former All-Star forward Jamal Mashburn will miss the entire 2004-05 NBA season because of a knee injury that could end his career.,Sports
Racing Struggles in a New Era,Sports
"We should be using probes to look for life in space instead of radio signals, say scientists.",Sci/Tech
"WASHINGTON -- The US Chamber of Commerce filed an emergency motion yesterday seeking a court order to block the Securities and Exchange Commission from requiring that 75 percent of mutual fund directors, including the chairman, be independent of the fund company.",Business
"A company has announced a new market strategy, targeting a specific demographic with tailored marketing campaigns. The article explores the strategy's effectiveness.",Business
A blog post detailing the success of a new tech company's early-stage development and its impact on the market.,Sci/Tech
"The tech company XYZ has launched its latest product in the cybersecurity sector, and analysts are cautiously optimistic about its potential impact on industries like healthcare and finance.",Sci/Tech
"A major league baseball team has won the World Series for the second time in a row. This could be a great moment for fans and journalists alike, showcasing the power of teamwork and determination.",Sports
"A scientist has developed a new breakthrough in a medical technology product, which could revolutionize the field of healthcare. The product has been tested and shown to have excellent diagnostic accuracy.",Sci/Tech
New Medical Discovery Explores Its Implications,Sci/Tech
"A major sports tournament is being live-streamed, offering fans a glimpse into a world of competitive gameplay.",Sports
"A new scientific study has been released detailing the effects of a novel drug on disease progression, prompting researchers to reconsider treatment options.",Sci/Tech
"An economic report highlighted growth in consumer spending, prompting concerns about market expansion.",Business
The Internet megasite eBay yelled  #39;hold the cheese #39; when they found a 10-year-old grilled cheese sandwich that its owner says bears the image of the Virgin Mary being auctioned off on its website.,Sci/Tech
What: MIAA Division 3A Super Bowl. Where: Bentley College in Waltham. When: Saturday at 10 a.m. Last meeting: Schools have never met. .,Sports
"A major soccer tournament is set to take place, featuring highlights of exciting matches and reactions from fans.
",Sports
"Sony has embarked on a potential collision course with music groups, including its own Sony BMG joint venture, over MP3 digital song files.",Sci/Tech
"AP - Minnesota Timberwolves center Michael Olowokandi was suspended by the team for a second game Friday night, one day after police used a stun gun to subdue him when he refused to leave a club.",Sports
"A tech company has developed a new AI-powered tool that can analyze data faster than traditional methods. The company will present its findings at a conference, which will take place in the United States.",Sci/Tech
Jewish leaders expressed growing frustration this week with continuing anti-Semitic violence in Europe following the torching of a Jewish community center in Paris early Sunday.,World
"The World Cup is happening in the United States, with the tournament set to begin on July 18. The team has announced the start of the tournament and will provide updates to fans.",World
"The World Cup final concluded with stunning visuals and a detailed match highlights, providing a glimpse into the excitement of the tournament.",World
"54.5 million Europeans surfed the Web over a broadband connection, a 60 percent increase from 34.1 million 12 months earlier. AMSTERDAM: More than half of Europe #39;s Internet surfers now have a high-speed broadband ",Sci/Tech
"A new AI breakthrough is making waves in the Tech category, impacting multiple fields.",Sports
"Los Angeles Dodgers #39; Shawn Green watches his home run in the sixth inning against the St. Louis Cardinals Saturday, Oct. 9, 2004, in Los Angeles.",Sports
Scientists developed a revolutionary AI algorithm that reduces processing time by 40% in machine learning tasks. This innovation could transform industries like healthcare and finance.,Sci/Tech
"Bee Staff Writer. SAN DIEGO - The San Diego Padres returned the favor, and the playoff-chasing Giants gladly accepted it before a disappointed record crowd of 45,389 at Petco Park.",Sports
"MILTON -- If you could build a prototype Mansfield Hornet, he just might look like Brett McDermott.",Sports
"A major international event has been announced, featuring a lineup of leading athletes from around the world. This could be a great opportunity for athletes, fans, and media to engage in the action.",Sports
"The World Cup 2023 results are in, with the tournament concluding its 32nd edition. The final match will decide the champion of the tournament and set new records in tournament outcomes.",World
"AFP - French pharmaceutical group Sanofi-Synthelabo formally announced the birth of Sanofi-Aventis, the world''s third-largest pharmaceutical company, ranking number one in Europe.",World
"A new biotech startup raised $15 million, promising to revolutionize medical diagnostics with its next-generation technology.",Business
Top Performers in the Championship,Sports
"The daily volume of Internet attacks dropped off in the first half of this year, and the rate at which new vulnerabilities are being reported appears to have hit a plateau, according to Symantec Corp.",Sci/Tech
"Berkeley, U. of Minn. students get download discounts; aim is to provide legal music alternatives. NEW YORK (CNN/Money) - As an added bonus to returning to campus this fall, more than 80,000 college students ",Business
 RIO DE JANEIRO (Reuters) - Brazil coach Carlos Alberto  Parreira is more worried about playing rank outsiders Venezuela  than the likes of Germany or Argentina.,Sports
"Maoists rebels have lifted a blockade that cut Nepal #39;s capital Kathmandu off from the rest of the country for a week. In a statement released Tuesday, however, the rebels warned the ",World
"Venus Williams of the United States returns the ball to Croatia #39;s Karolina Sprem, during their first round match, at the Swisscom Challenge Tennis Tournament in Kloten, Switzerland, Tuesday, Oct.19, 2004.",Sports
"JERUSALEM : Beleaguered Israeli Prime Minister Ariel Sharon persisted with plans to form a new government including the main opposition Labour party, bolstered by Washington #39;s backing for the expansion of West Bank settlements.",World
The tech industry is set to hit a major milestone this week with the announcement of new products and services at a major tech conference.,Sci/Tech
A SECOND-HALF Springbok blitz gave South Africa their first Tri-Nations rugby title in six years with a win over Australia at Kings Park.,Sports
"com. Thome has known Charlie Manuel for his entire professional baseball life, which started shortly after he became a 13th-round draft pick by the Cleveland Indians in 1989.",Sports
South Sound fans reacted with everything from relief to regret over Wednesday #39;s NCAA rulings on the University of Washington athletics program.,Sports
"Athletes are sharing news about their performances in a popular sports event, offering updates in real-time.",Sports
"Fulfilling a long-time goal, Intel Corp. is set to introduce on Thursday its first chip set that supports all three current forms of Wi-Fi, according to sources familiar with the announcement.",Sci/Tech
" FRANKFURT (Reuters) - Market research firm IDC has raised  its 2004 forecast for global personal computer sales growth to  14.2 percent from 13.5 percent, driven by high commercial  demand, it said on Monday.",Sci/Tech
"The World Record for the longest standing jump in human sports has been updated. New records have been set in both men's and women's sports. #World #Sports #Records
",World
"Vienna, Austria (Sports Network) - English midfielder Steven Gerrard will likely miss Saturday #39;s World Cup qualifier against Austria with a groin injury.",Sports
palmOne introduced Monday the Tungsten T5 handheld with 256 megabytes of flash memory - the most built into a handheld to date. Expected to be widely available ,Sci/Tech
The tech company has released a new product line aimed at enhancing user experience.,Sci/Tech
"Global health officials have released updated statistics on COVID-19 cases, warning of a surge in hospitalizations.",World
"AP - Gordon Cooper, who as one of the original Mercury astronauts was a pioneer in human space exploration, has died. He was 77.",Sci/Tech
"Reuters - European shares sagged on Tuesday as\broker downgrades hit mobile phone operator Vodafone  and two\of its peers, but UK clothing retailer Next shone on news of\strong summer sales.",Sci/Tech
"Toronto-Dominion Bank, Canada #39;s second-largest bank by assets, said it #39;s in talks for a possible transaction #39; #39; with Banknorth Group Inc.",Business
FULHAM #39;S United old boy Andy Cole fears his former team are poised to leave their critics red-faced. The Reds haven #39;t lost in the Premiership since defeat at Portsmouth six matches ago when they were being written off in the title race.,Sports
"WASHINGTON - The US job market brightened in August as employers added 144,000 workers to their payrolls and hiring totals for the two prior months were revised up, the Labor Department (search) reported on Friday.",Business
The World is reporting on the winners and losers of an international sports tournament.,World
"While it seemed likely during the preseason that Gutierrez would win the job, coach Lloyd Carr insisted two other quarterbacks - Clayton Richard and Chad Henne - had a shot.",Sports
The retailer trots out a bargain portable PC that packs Wi-Fi. Is it getting ready for a laptop push for the holidays?,Sci/Tech
"The World Cup is approaching, with detailed updates from the tournament organizers and media.",World
"Ending after midnight due to rain delays, Roger Federer finally put his second round robin match in the books early Thursday morning at the ATP Tennis Masters Cup in Houston, defeating Lleyton Hewitt for the fifth consecutive time 6-3, 6-4.",Sports
"A major sports event has broken records, with the world's top teams and players joining together in a historic moment. The event not only highlights the competitive spirit of sports but also serves as a reminder of the global impact of entertainment and entertainment-related innovations.",Sports
"A major political conference is gathering in a new location, with updates on upcoming events.",Business
The following is a verbatim copy of a open letter to the Linux community issued by PalmSource. Read on for more information about the new acquisition and FAQs about how PalmSource will use the new resources and the new Palm OS Cobalt version of Linux.,Sci/Tech
"Warren Sapp #39;s presence and legacy linger around the Tampa Bay Buccaneers like something tangible, something that can be felt, heard and feared, say an open-handed slap to the face mask.",Sports
"A major sports event has been organized to honor the legacy of legendary athletes, bringing fans and athletes together.",Sports
A new AI tool boosts healthcare efficiency by 30%.,Sci/Tech
"With few junk e-mail filters supporting a protocol for verifying the source address of digital messages, spammers have adopted it themselves as a way to appear more legitimate, stated a report released on Wednesday.",Sci/Tech
"NEW YORK, August 30 (New Ratings) - Japan #39;s Supreme Court has reportedly approved the merger negotiations between UFJ Holdings Inc (ticker: UFJ) and Mitsubishi Tokyo Financial Group (MTFG).",Business
IBM Corp has announced that it will launch a new low-budget version of its BladeCenter chassis for blade servers in an effort to make the blade machines more appealing to budget conscious customers in the small- and mid-sized market.,Sci/Tech
Performance venues there can now install signal-jamming equipment to deal with rude mobile-phone users.,Sci/Tech
An international political conference drew attendance from 150+ countries and hosted events.,World
"World News: A major global health event has been reported, including updates on the COVID-19 vaccine and its distribution in countries affected by the pandemic.",World
"AP - A sick man among the sick, Pope John Paul II struggled through Sunday Mass at a French shrine that draws desperate people seeking miracle cures. The 84-year-old pontiff gasped, trembled and asked aides for help during the 2 1/2 hour service in sizzling heat.",World
"AP - Reliever Arthur Rhodes was traded for the second time in two weeks Saturday, sent from the Pittsburgh Pirates to the Cleveland Indians for outfielder Matt Lawton in the first trade of the winter meetings, a baseball official told The Associated Press.",Sports
"A company is launching a new product line, which is expected to have a significant impact on the market.",Business
AP - The NHL and the players'' association appeared headed toward a lockout when talks broke off Thursday after the union''s first new proposal in nearly a year.,Sports
"After nine days of being held by kidnappers in Iraq, New York-based freelance journalist Micah Garen will reunite with his family this week, his father said yesterday.",World
"A major sports tournament is being held, with predictions on the winners and the impact of each team's performance.",Sports
World Health Organization reported a slight increase in COVID-19 cases in some countries. The report highlights the importance of early intervention and preventive measures. This article will discuss the implications of the update and the measures taken to address it.,World
"BANGALORE, India Anil Kumble, the Indian spin bowler, took three wickets Wednesday to reach 400 in test matches as the first day of the first test against Australia finished finely balanced.",Sports
"A global health event was held to address the COVID-19 pandemic, emphasizing the importance of international cooperation in public health.",World
"The New York Yankees are set to host a World Series game. The team has announced the details of their upcoming tournament, which will take place in the United States. This article will provide a preview of the game and its significance.",World
LOS ANGELES A source says Hollywood movie studios are preparing to sue computer users they say are illegally distributing movies online.,Sci/Tech
"BusinessWeek Online - For 35 years, Advanced Micro Devices Inc.  stood in the shadow of archrival Intel Corp.  AMD churned out lower-priced clones of the tech leader''s chips and occasionally enjoyed a hit that helped boost its meager profits. But bad times easily outweighed the good. Again and again, Intel used its manufacturing muscle and pricing power to stymie AMD''s ambitions, preventing it from gaining a foothold in lucrative markets such as servers and corporate PCs.",Sci/Tech
"A groundbreaking study has been released, detailing the effects of a new drug on treating a specific disease.",Sci/Tech
"Steve Coll, The Washington Post #39;s managing editor for six years, said today he is stepping down at the end of the year to pursue book projects.",Business
Thats when you can get yours and how much you would pay. That is if you live in Japan. Sony today announced the release date and price for its new portable game system.,Sci/Tech
"With less than a month remaining before the current collective bargaining agreement expires, representatives for the NHL and the Players #39; Association met for nearly 4 1/2 hours yesterday without making any progress on a new CBA. ",Sports
Global climate change updates highlight the ongoing efforts to address rising temperatures and environmental challenges. This report offers an overview of the current state of climate change.,World
"Forbes.com - As the second employee of InfoSpace, Jean-Remy Facq saw the value of his stock inflate and then collapse. Now he''s suing in federal court in Seattle for a  #36;4.5 million refund of 1999 federal income tax. He''s just one of 200 tech workers who have hired Seattle tax lawyer/CPA Brian G. Isaacson in the hope his novel theories will help them slash old (and sometimes unpaid) tax bills from their exercise of stock options for shares that later tanked.",Business
"They spent the summer marveling over their lineup changes and their improvement, the big-name veterans they signed and the strategic concepts they imported from the champion New England Patriots.",Sports
Reuters - The Atlanta Falcons\Monday signed Pro Bowl tight end Alge Crumpler to a six-year\contract extension.,Sports
"In the world of sports, a young player has made an indelible impact. A recent interview with a professional athlete revealed insights into their journey from humble beginnings to becoming a dominant force in their sport. This story underscores the importance of perseverance and hard work in the sports world.",Sports
"BAGRAM, Afghanistan - Three years after the Sept. 11 attacks, Osama bin Laden and his deputy are still issuing orders for attacks by al-Qaida, a top American commander told The Associated Press Saturday...",World
Description: News mogul Rupert Murdoch pays a record-setting \$44 million for a three-story Fifth Avenue penthouse in Manhattan formerly inhabited by the late Laurance Rockefeller.,Business
"A tech startup has raised $50 million in a round aimed at expanding its global business presence. The company, which specializes in AI-driven customer segmentation, plans to expand its operations in several regions, including Asia-Pacific and Europe.",Sci/Tech
"A sports team won the World Cup final, showcasing their competitive spirit and team spirit. The match was a thrilling moment for the participants and fans.",World
"It took a while for everything to fall into place, but it now seems clear: Chad Pennington is the real deal. Listen LIVE to NFL games, plus watch video news and features of your favorite team.",Sports
"A new scientific study has been published on the effects of quantum computing on data processing. #Science #Research # advancement
",Sci/Tech
"The NBA has released the schedules for the upcoming season, with games starting in September. #NBA #Schedules # sports
",Sports
"The World Cup is set to kick off in June, with a host of exciting matches and competitions across the globe.",World
"Raleigh, NC (Sports Network) - Andrew Brackman scored 16 of his 20 points in the second half to lead 12th-ranked North Carolina State to a hard-fought 78-72 win over Louisiana-Lafayette at the RBC Center.",Sports
"A tech company has developed a new algorithm that can analyze data faster than any other method. The company will present its findings at a conference, which will take place in the United States.",Sci/Tech
"Microsoft last week faced accusations of short-changing its Software Assurance customers following its decision to strip core features from the next major Windows client operating system, codenamed Longhorn.",Sci/Tech
"HP (Quote, Chart) is doing a lot of explaining after it revealed this weekend that it will no longer put Itanium processors in its high-performance workstations.",Sci/Tech
"The Walt Disney Co. has postponed an expansion of its video-on-demand service while it explores partnerships that could result in a deal to include the service in set-top boxes, computers or other devices.",Sci/Tech
"Current global events are being monitored, offering insights into international affairs and political developments.",World
"A sports analyst has shared insights into the dynamics of a high-stakes game, including player strategies and team performance.",Sports
"A major sports event highlights the top players in a particular league, with live updates available.",Sports
"The World Cup is happening in the United States, with the tournament set to begin on July 18. The team has announced the start of the tournament and will provide updates to fans.",World
"By BETSY BLANEY    LUBBOCK, Texas (AP) -- Some farmers are placing their hope in a hybrid sunflower seed that could help keep arteries clear and hearts pumping in a nation smitten with snacks and processed food.    ''It''s a healthier oil,'' said Willie Wieck, 62, who started growing sunflowers on his 450 acres in the Texas Panhandle in the early 1970s...",Sci/Tech
"Dell gets set to roll out its PowerEdge 1855 blade server line a home-grown design, this month.",Sci/Tech
"The graphics library, an alternative to Microsoft''s DirectX, gets new features designed to add razzle-dazzle to PC games.",Sci/Tech
United States sprinter Jerome Young was banned for life by the US Anti-Doping Agency yesterday following his second positive test for an illegal steroid in a case that could affect a US relay team #39;s gold medal from Sydney.,Sports
NEW YORK (CNN/Money) - Some colleges are fretting the release of Microsoft #39;s upgrade to its XP operating system -- whose release coincides with the opening of campuses around the country -- saying that multiple downloads of the patch could significantly ,Sci/Tech
"A climate change initiative has been announced, aiming to reduce carbon emissions and address global environmental challenges.",World
"The World Cup 2023 has been live-streamed, with updates and highlights available for fans around the world.",World
"American International Group Inc. , the world''s largest insurer, said the Securities and Exchange Commission is considering accusing the company of helping PNC Financial Services Group Inc. improperly remove bad loans from its books.",Business
"BEIJING (AP)  China appealed to North Korea on Tuesday to join working meetings before a new round of six-party talks on dismantling its nuclear program, despite the North #39;s declaration that it saw no point in attending. ",World
SOUTHHAMPTON - West Indies want to redeem a disappointing summer with a place in the Champions Trophy final while Pakistan are equally as eager to continue its resurgence under new coach Bob Woolmer.,Sports
Online-payment service PayPal on Tuesday sought to reassure customers that outages that had plagued the service since Friday finally had been resolved.,Sci/Tech
"In the most highly anticipated Wall Street debut since the heady days of the dot-com boom, shares of Google surged nearly 20 percent on their first day of public trading Thursday as the quirky Internet company completed its much-hyped initial stock ...",Business
"SAN FRANCISCO - Intel Corporation recently disclosed key technical details of its upcoming wireless broadband chip for WiMAX products, which will enable long-distance, high-speed wireless Internet access for homes and businesses.",Sci/Tech
"Slovenia pulled off a famous result yesterday, defeating Italy to go top of Group Five. A solitary goal by Bostjan Cesar after 82 minutes gave the hosts victory in Celje to inflict a first World Cup qualifying group defeat on Marcello Lippi #39;s side.",Sports
"A leading business company has announced a new expansion into a new market, with the team receiving updates on the project's status.",Business
An analysis of the World Cup predictions and their implications for global sports events.,World
"A new technology platform is being developed, which is expected to revolutionize the industry.",Sci/Tech
"The chief financial officer of Oracle, Harry L. You, said that \$24 a share remained the company''s ''best and final'''' offer for PeopleSoft Inc. in what may be the last week of a 17-month hostile takeover fight.",Sci/Tech
"The World Cup is set to begin in a new location, with a live stream available to fans worldwide.",World
"A new AI breakthrough could revolutionize healthcare, leading to increased patient outcomes.",Sci/Tech
A breakthrough in quantum computing could revolutionize fields like cryptography and optimization.,Sci/Tech
5 Big Companies Launching New Products,Business
"A high school basketball team won the regional championship, setting a new record for consecutive wins.",Sports
Top-seeded David Nalbandian of Argentina and Olympic champion Nicolas Massu of Chile advanced to the quarterfinals of the CA Trophy Thursday with straight-set victories while American Robby Ginepri upset No.,Sports
The impact of the COVID-19 pandemic on global stock markets and companies in the tech sector.,Business
"AP - SpaceShipOne is one flight away from clinching the Ansari X Prize, a  #36;10 million award for the first privately developed manned rocket to reach space twice within 14 days.",Sci/Tech
"A major consumer goods company expanded its product line, introducing new line items for both personal and commercial use. The article explores the benefits and challenges of this expansion.",Business
"A financial institution issued a new stock market analysis, showing potential increases in corporate confidence.",Business
"News.com reports in the article: Microsoft fixes date for desktop search tool, that the company will offer up a beta release of a desktop search by the end of this year.",Sci/Tech
"There are so many new faces, it #39;s hard to keep them all straight. But despite all the upheaval, all the contracts and controversy that so dominated the summer, Jerry Sloan believes the sheer ",Sports
"Reuters - Long a forum for protecting endangered\species like whales or tigers, a U.N. meeting in Bangkok next\month will seek a wider role in regulating the billion-dollar\trade in timber, fish and medicinal plants.",Sci/Tech
"A major tech company is launching a new product line, which is expected to increase revenue significantly. #TechGrowth #NewProducts #Business
",Business
NEW YORK - Investors will be looking ahead to the Federal Reserve #39;s meeting and third-quarter earnings forecasts in Wall Street #39;s short trading week after the Labor Day holiday.,Business
"A major business meeting has been held, discussing important decisions and upcoming events in the industry.",Business
"A high school team has qualified for the International Math Olympiad, with all six members from the same school.",Sports
"AP - Prosecutors in the Kobe Bryant case spent nearly  #36;400,000 trying to get the NBA star convicted of raping a woman at a Vail-area resort last summer, documents show.",Sports
"AP - Peanuts, hot dogs and wireless instant replays. It''s the future of baseball.",Sci/Tech
The portable stereos that ruled city streets in the 1980s aren''t shipping in high volumes anymore. But some sound artists are finding new ways to incorporate the devices into performances and ad-hoc radio networks. By Elizabeth Biddlecombe.,Sci/Tech
"A global health report highlights improvements in the treatment of a particular disease, prompting further research.",World
"Puerto Rican wrestler Mabel Fonseca tested positive for a steroid in an initial doping test, a wrestling official said Saturday. Michel Dusson, secretary general of the International ",Sports
"The World Cup 2022 will be held in a new location, showcasing the joy of football again.",World
"Global economic trends show growth in key sectors, with inflation rates rising slightly. The economic outlook could impact business decisions for the next quarter.",Business
A local sports team won a national championship in a closely contested game.,Sports
"UNITED NATIONS Sept. 14, 2004 - Iraq appealed to other nations Tuesday to send troops to protect an expanded UN staff that is essential for holding the country #39;s first free elections by Jan. 31, saying terrorists must not be allowed to disrupt the vote.",World
A British soldier killed after clashes with militia forces in the southern Iraqi city of Basra was today named as Lance Corporal Paul David Trevor Thomas. ,World
"SPACE.com - Researchers can now say definitively that Mars once \supported a watery environment, but whether the red planet could have ever \supported life is still far from certain.",Sci/Tech
"The World Health Organization has released updated global health data, highlighting efforts to combat the COVID-19 pandemic.",World
"AP - For the first time, scientists have created a genetic map of a cow, providing researchers a new tool to reduce animal disease and improve the nutrition of beef and dairy products, the Agriculture Department announced Wednesday.",Sci/Tech
"A prominent scientist has made a breakthrough in quantum computing, paving the way for future advancements.",Sci/Tech
Trend Micro will become the latest major anti-virus software company to provide protection against mobile phone viruses with the release today of Trend Micro Mobile Security 1.0.,Sci/Tech
"A new AI model is trained on large datasets, improving accuracy in machine learning tasks.",Sci/Tech
You #39;ve already seen our New Users #39; and Power Users #39; reviews of Apple #39;s fourth-generation iPod (iPodlounge rating: A-/B).,Sci/Tech
The Chicago Board of Trade took a leap forward on Monday on its goal to become a for-profit company when an Illinois judge approved a deal on how to carve up ownership of the oldest US futures exchange.,Business
PC World - New 46-inch LCD is just one of eight flat-panel models launched this week.,Sci/Tech
"A company announced plans to expand its workforce, focusing on increasing employee productivity and efficiency.",Business
"Auto racing: NASCAR Nextel Cup Sylvania 300 practice at N.H. International Speedway, Loudon, 9:30 and 11:10 a.m.; NASCAR Craftsman Truck Sylvania 200 at N.H. International Speedway, Loudon, 1 p.m.; NASCAR Busch North Sylvania 125 at N.H. International Speedway, Loudon, 3 p.m.",Sports
"A new AI algorithm has been developed to improve predictive maintenance in industrial settings, reducing operational costs.",Sci/Tech
"A tech startup has raised itsprofile with a new investment, signaling potential growth in the tech sector.",Business
The major stock market crash in 2023 has led to a loss of $5 trillion in wealth.,Business
"Designed to further enhance the value of our Special Report, these Powerpoint slides offer key data and statistics about the choices facing today''s IT decision makers regarding CRM.",Sci/Tech
"A startup is completing a major technology project, promising advancements in renewable energy storage.",Business
"A major league soccer game is set to begin, with predictions on the winner and key player news.",Sports
" CHICAGO (Reuters) - Smithfield Foods Inc. &lt;A HREF=''http://www.investor.reuters.com/FullQuote.aspx?ticker=SFD.N target=/stocks/quickinfo/fullquote''&gt;SFD.N&lt;/A&gt;, one of  the nation''s largest meat producers, on Thursday said quarterly  earnings more than doubled due to higher hog prices and its  acquisition of Farmland Foods last year.",Business
"A new pharmaceutical drug was announced, promising long-term benefits for a particular condition.",Sci/Tech
"The Cubs didn #39;t need to fly anywhere near Florida to be in the eye of the storm. For a team that is going on 100 years since last winning a championship, the only thing they never are at a loss for is controversy.",Sports
"A recent tech blog explores the impact of AI on healthcare advancements, offering insights into how these technologies are transforming industries.",Sci/Tech
"A scientific study was conducted on quantum mechanics, providing insights into the fundamental principles of the field.",Sci/Tech
WASHINGTON (AP) -- Oil prices fell for a fifth consecutive day Thursday despite a sharp drop in Iraqi exports after pipelines were sabotaged -- evidence that the bull market may have lost some steam.,Business
"The World Cup is on the brink, with teams from around the world competing for glory. This could be a thrilling event for fans and analysts alike, with excitement and anticipation. ",World
"CARACAS, August 22 (Itar-Tass) -- President of Venezuela Hugo Chavez has called on the opposition to recognize the results of a referendum on confidence in the president held on August 15.",Business
 PITTSBURGH (Sports Network) - Kevin Bettencourt scored five  of his 13 points in the final two minutes to lead Bucknell to a  69-66 upset over 10th-ranked and previously unbeaten  Pittsburgh.,Sports
" AMSTERDAM (Reuters) - Nokia, the world''s biggest handset  maker, unveiled on Wednesday a miniature version of its  equivalent of the Swiss Army knife it hopes will lure women and  less-techie business people.",Sci/Tech
A new genetic experiment could lead to breakthroughs in treating diseases like cancer.,Sci/Tech
"DONATING: Summer Ramson,3, gets a hand from her grandmother, Barbara Daliposon, left, and Salvation Army volunteer Donna Clark as she donates money Friday at an Albertsons store on Plumb Lane in Reno.",Business
"The World Cup has been a massive success, with over 60 countries participating. This article delves into the tournament's history, key moments, and its lasting impact on the world of sports.",World
"The Federal Communications Commission ruled 3-2 that states are now barred from imposing telecommunications regulations on Internet phone providers, which treat calls no differently than any other application on the Net.",Sci/Tech
"ALICANTE, Spain : Spaniard Juan Carlos Ferrero wasted no time getting down to business, brushing aside Fabrice Santoro to put the hosts level with France 1-1 in their World Group Davis Cup semi-final tie.",Sports
"NEW YORKIBM said yesterday it is in talks to settle a mammoth lawsuit alleging a pension plan adopted by the firm in the 1990s discriminated against 140,000 older workers.",Business
"BAGHDAD, Iraq - A US military official in Iraq says seven American marines have been killed today in a car-bomb explosion. Several other Marines have been wounded in the attack.",World
"A new scientific discovery was announced at a national science conference, leading to increased research funding.",Sci/Tech
"A breakthrough in renewable energy technology was announced at a global conference, resulting in a 10% reduction in energy consumption.",Business
"A global sports event is expected to draw attendance of 50,000 spectators. The article provides the details of the event and its significance in the sport.",Sports
"A new luxury car model is hitting the market with claims of superior performance and reliability, sparking discussions among buyers.",Sports
"The World Cup 2022 is live, with exciting matches and iconic moments.",World
"A breakthrough in AI has been announced, potentially revolutionizing industries like healthcare.",Sci/Tech
&lt;strong&gt;Letter&lt;/strong&gt; TDD mode is not just data delivery,Sci/Tech
"The COVID-19 pandemic has led to a massive economic downturn, with companies reporting stock market crashes and reduced revenues.",Business
SAN FRANCISCO -- A judge is ordering Microsoft Corp. to pay \$112.5 million to attorneys who successfully sued the software maker for monopolizing a segment of California #39;s market.,Sci/Tech
"The unemployment rate has dropped by 3% in the past quarter, indicating economic stability.",Business
"CBC SPORTS ONLINE - The Buffalo Sabres agreed to terms with former first-round draft choice Thomas Vanek on Friday. The Sabres signed the left-winger, the fifth overall selection in the 2003 NHL Entry Draft, to a three-year entry-level contract.",Sports
" ATHENS (Reuters) - Argentina beat Italy 84-69 to win the  men''s Olympic basketball gold Saturday, the country''s first  medal in the sport.",Sports
"A team has won the World Cup, showcasing their competitive spirit and resilience. The team's performance has been praised for its strategy and mental toughness.",World
"A major tech startup reported record earnings, signaling growth in the sector. The company is leading in AI advancements and has expanded its operations worldwide.",Business
"The World Cup is about to begin, and we've compiled a list of the top 10 stories from the tournament, including some standout matches and reactions from the fans.",World
"A major sports tournament is being held in [city name], with highlights and analysis featuring [highlight name].",Sports
"The high school football team recently won their first state championship, showcasing the competitive spirit of local sports fans.",Sports
"Sports teams are set to compete in a new tournament, featuring highlights from the championship games.",Sports
"A global financial analyst has provided a detailed analysis of the market trends, highlighting key factors influencing stock prices. The report also includes a breakdown of major sectors, such as banking and finance.",Business
"A major sports tournament is set to take place, with predictions on the winner and key player updates.",Sports
A medical tech breakthrough extends patient survival by 30%.,Sci/Tech
"That #39;s according to research outfit Gartner, which on Thursday said that second quarter global mobile phone shipments hit 156.",Sci/Tech
"Fresh off the Pedro Martinez signing, the Mets didn #39;t waste much time before moving on to their next order of business. A baseball official with knowledge of the team #39;s plans ",Sports
"World news outlets are closely monitoring an upcoming political event, with tense negotiations.",World
"A basketball team has won its first championship in over a decade, with a 75% win rate and a record of three consecutive titles.",Sports
"The World Cup is more than just a sport; it's a celebration of global diversity and shared experiences. The tournament has fostered international collaboration and understanding, with fans and participants from around the world united in their excitement for the next generation of sports stars.",Sports
"A major sports tournament is underway, with thrilling games and player highlights offering insights into the competitive and exciting world of sports.",Sports
"The U.S. government has released data showing economic growth in the previous quarter, raising concerns about inflation.",Business
"Layoffs at Cingular Wireless were inevitable after it acquired AT amp;T Wireless, but what #39;s with the timing? A Cingular spokesman yesterday confirmed an Associated Press report that Cingular ",Business
"A major planet update was released by a space agency, providing detailed information about the new planet's composition and characteristics.",World
"SEOUL, South Korea - A huge mushroom cloud that reportedly billowed up from North Korea was not caused by a nuclear explosion, South Korean and U.S. officials said Sunday, but they said the cause was a mystery...",World
"Saturdays two games in Serie A saw Juventus survive a late scare to call a halt to newly-promoted Messina #39;s unbeaten run, winning 2-1, while Vincenzo Montella underlined his excellent current form with a superb goal for Roma in a storm-interrupted 2-0 ",Sports
ATHENS (Reuters) - Greece #39;s top two sprinters should finally get to put their case on Wednesday in a drugs investigation that has shamed and angered the Olympic host nation. ,Sports
"A major political conference was held to discuss international relations, highlighting the importance of diplomacy in global politics.",World
Mobile phone operator MMO2 raises its UK revenue growth target for this year as it gets more customers and existing users spend more.,Sci/Tech
"JERUSALEM Israel #39;s security cabinet on Tuesday approved a compensation package that would pay roughly \$200,000 to \$300,000 to each Jewish family that agreed to leave the Gaza Strip under Prime Minister Ariel Sharon #39;s withdrawal plan.",World
Wayne Rooney looks set to become a Manchester United player this week after Everton confirmed they had received a second improved bid for the England striker from Old Trafford.,Sports
"A tech company is launching a new product line, focusing on user-friendly interfaces.",Business
"Al Leiter provided a settling influence and Kerry Wood struggled with his control, yielding three first-inning runs.",Sports
"A sports analyst interviews a player, discussing their performance in a critical match. The article highlights the player's strategic insights and how it influenced the game outcome.",Sports
"A major tech company has released a new version of its AI software, enhancing its capabilities in predictive analytics and customer engagement.",Sci/Tech
"It might have been the last Fenway Park game of the magical 2004 season. And if it was, there''ll be a parade in Boston sometime before Election Day . . . perhaps the grandest celebration in 374 years of Hub history.",Sports
New Economic Policy Affects Multiple Sectors,Business
"A major sports team has rebranded, reflecting changes in their identity and strategy, impacting fan loyalty.",Sports
"Symantec has released firmware fixes for a string of critical security holes in its firewall/VPN and Gateway Security products which could be exploited to cause a denial of service, identify ",Sci/Tech
"The FIFA World Cup 2023 is set to take place in a new location. This article discusses the upcoming tournament, highlights the key moments, and touches on the future of international soccer.",World
A global tech platform introduced a new AI tool for real-time market analysis.,Sci/Tech
"The Mars Global Surveyor released the latest glyph image that appears to evoke the kinds of communication in rock formations that has become famous among Mars'' watchers on the internet. But there is a serious side to interpreting remote sensing data, and shadow is not always one''s ally...",Sci/Tech
"A new AI algorithm has been developed to improve predictive accuracy in healthcare diagnostics, offering a 15% increase in accuracy.",Sci/Tech
"Solving the nation #39;s spam problem will require a balancing act, legal and privacy experts said today in Washington, DC, at a meeting sponsored by the Federal Trade Commission.",Sci/Tech
"A major sports event was held in a remote location, with fans and players enjoying the game in a secure environment.",Sports
Rangers hopes of returning to the top of the Scottish Premier League were dashed on Sunday as they were held to a 1-1 draw at struggling Inverness Caledonian Thistle.,Sports
Global political developments are shaping the future of international relations. This article explores the major events occurring in the world today.,World
AFP - Egypt said it has charged an Iranian diplomat and an Egyptian national over a plot to assassinate an unidentified public figure.,World
"Microsoft announced on Monday that it will not release a fifth service pack for Windows 2000, a popular version of the company #39;s operating system.",Sci/Tech
 #39;Ol #39; Blue Eyes #39; provided an emotional musical tribute to  #39;Old Big  #39;Ead #39; as Nottingham Forest celebrated the remarkable life of Brian Clough ahead of today #39;s game with West Ham.,Sports
"A major sports event is taking place, featuring iconic moments and thrilling games.",World
The company is reasonably certain that it can maintain previously issued earnings guidance.,Business
THE Australian Rugby Union has been swamped with inquiries from high-profile players here and overseas interested in joining the new Super 14 franchise in 2006.,Sports
The Giants coughed up three straight second-quarter turnovers and dissolved in a torrent of penalties in a baffling loss at Giants Stadium.,Sports
WASHINGTON - The Senate Judiciary Committee heard this morning from one of its own about some of the problems with airline ''no fly'' watch lists. Sen...,World
UConn senior quarterback Dan Orlovsky has admitted that he probably would have gone to Boston College if offered a scholarship. But ,Sports
 NEW YORK (Reuters) - U.S. Open organizers have apologized  to Serena Williams for a controversial line call in her  quarter-final loss to Jennifer Capriati on Tuesday.,Sports
"A major sports team won the championship for the first time in over a decade, with a dramatic final game securing the title.",Sports
"A major tech company has launched a new AI-driven platform for predictive analytics, enhancing decision-making across industries.",Business
"Open source can immediately prompt the words  #39;law suit #39; in some peoples #39; minds, but Black Duck have introduced a software platform that helps developers catch and resolve potential intellectual property disputes.",Sci/Tech
Jenson Button has admitted he was  quot;misguided quot; in his attempts to switch to Williams for next season. The 24-year-old declared his intention to leave BAR in August but team boss David Richards prevented the move on legal grounds.,Sports
&lt;strong&gt;Review&lt;/strong&gt; Quite a tempting package?,Sci/Tech
"A dominant defensive performance and a 21-point lead left the Indianapolis Colts with precious little to fret about at halftime Sunday at the RCA Dome, save the inconsequential.",Sports
"A team of players is making headlines in the sports world, with new records being set in the league.",Sports
A new AI startup is raising concerns about privacy risks and regulatory compliance in the tech industry.,Sci/Tech
"Chip giant Intel announced that it has joined forces with the world #39;s largest handset maker, Nokia, to develop the next generation mobile phone.",Sci/Tech
Motorsport.com. Rubens Barrichello finally got the win he has been waiting for when he led Michael Schumacher across the line to take a Ferrari one-two at the Italian Grand Prix.,Sports
"The financial markets showed mixed reactions as companies announced new earnings reports, signaling a reevaluation of the economic landscape.",Business
"A new study has revealed that women in the tech industry are making significant strides, with a growing number of female leaders leading teams and driving innovation. This trend is not only reflecting gender equality but also highlighting the importance of diversity in driving future technological advancements.",Sci/Tech
"Spa is among the most demanding circuits for the engine, and Rob White explains the challenge of this unusual circuit.",Sports
"The tech company has announced a new product line targeting business users, with a focus on cost reduction and improved user experience.",Sci/Tech
"The World Cup is about to begin, and we've compiled a list of the top 10 stories from the tournament, including some standout matches and reactions from the fans.",World
"A pharmaceutical company completed a clinical trial for a new medication, leading to increased patient compliance.",Sci/Tech
"Shares of InPhonic Inc., a Washington reseller of wireless service and telephones over the Internet, rose 26 percent Tuesday on their first day of trading..&lt;br&gt;&lt;FONT face=''verdana,MS Sans Serif,arial,helvetica'' size=''-2'' color=''#666666''&gt;&lt;B&gt;-The Washington Post&lt;/B&gt;&lt;/FONT&gt;",Sci/Tech
A breakthrough in solar panels reduces energy usage by 20%.,Sci/Tech
"The World Cup 2022 has been a massive success, with countries from all over the globe participating in a truly global sports event. The tournament has not only brought fans together but also highlighted the growing influence of sports in diverse cultures.",Sports
Premiership adversaries Manchester United and Arsenal will have another chance to do battle at Old Trafford after last night #39;s League Cup quarter-final draw brought the teams together again.,Sports
AP - Evander Holyfield was suspended indefinitely by New York boxing officials in the wake of his loss Saturday night to journeyman Larry Donald.,Sports
"A new international event is being held to address global challenges, fostering global collaboration.",World
"update In order to get the next update of its Windows operating system out the door, Microsoft will delay some of the key improvements that had been planned.",Sci/Tech
Verizon SuperPages.com said Friday it has teamed up with eBay and Shopping.com for the rollout of new shopping tools on its online Yellow Pages site.,Business
AP - Apparently even a Hall of Fame coach doesn''t get a break from the officials. Washington Redskins coach Joe Gibbs on Tuesday reviewed the tape of the previous night''s loss to the Dallas Cowboys and determined he was on the wrong side of ''two awful calls.'',Sports
"A major sports event was held in the World, featuring over 100 participants and multiple competitions.",World
"A new pan-European supercomputing network has opened to help scientists in the EU with their research.  quot;We have just completed testing, quot; said David Henty of the Edinburgh Parallel Computing Centre, a member ",Sci/Tech
"Aug. 18 (Bloomberg) -- The case against eight men charged with conspiracy to commit murder and carry out terrorist attacks was referred to the Old Bailey, London #39;s central criminal court. ",World
"The Internet Corporation for Assigned Names and Number, the organization named by the US government in 1998 to oversee policies over Internet addresses, gave a preliminary nod Monday to domain names targeting mobile services and the jobs ",Sci/Tech
CHICAGO (CBS.MW) -- Circuit City Stores shares plummeted 10 percent Monday after the nation #39;s No. 2 electronics retailer said that its third-quarter same-store sales fell 4.3 percent.,Business
"The World Cup is set to take place, with predictions on the tournament winner and key player updates.",World
"A technology conference was held to discuss advancements in artificial intelligence, focusing on the impact of AI on various industries.",Business
"AP - One day after the most lopsided loss in the 115 years of Nebraska football, the coaching staff told the Cornhuskers to forget about it.",Sports
"A major tech company released a new product update, featuring improvements in AI-powered tools. The update is expected to boost customer engagement by 20% within the next quarter. This article will provide an update on the new product and its benefits.",Sci/Tech
" TOKYO (Reuters) - Japanese camera and office equipment  maker Canon Inc. &lt;A HREF=''http://www.reuters.co.uk/financeQuoteLookup.jhtml?ticker=7751.T qtype=sym infotype=info qcat=news''&gt;7751.T&lt;/A&gt; said on Tuesday it would start  producing rear projection televisions later this year, aiming  to secure a chunk of the rapidly growing market for big screen  TVs.",Sci/Tech
"The World Cup is on the brink, with teams from around the world competing for glory. This could be a thrilling event for fans and analysts alike, with excitement and anticipation. ",World
HP plans to add virus-throttling technology to ProLiant servers and ProCurve switches starting in early 2005. Virus Throttler technology slows the spread of a virus or worm within an infected server to give  administrators time to act.,Sci/Tech
"International collaborations are being explored, showcasing how global teams are working together for shared success.",World
"Recent advancements in AI have led to breakthroughs in medical research, offering new treatments and treatments for existing conditions.
",Sci/Tech
"Mozilla Firefox Internet Browser Market Share Gains to 7.4\\The latest survey from OneStat.com shows what was expected. Firefox is gaining on Internet Explorer and pretty rapidly. As per the reports, Mozilla Foundation has taken a 7.4 market share gaining more than 5 since May. Microsoft rsquo;s Internet Explorer has dropped down ...",Sci/Tech
A new medical discovery could revolutionize treatments for various conditions. This article delves into the details of the breakthrough and its implications.,Sci/Tech
"Russia has postponed the test launch of a new booster rocket scheduled for Friday, the Defense Ministry said Thursday. The launch of the Soyuz-2 medium-size rocket from Russia #39;s ",Sci/Tech
"To judge by the shift in the headlines, the processor war is nearly over. Who #39;s in? Advanced Micro Devices (NYSE: AMD). Out? Intel (Nasdaq: INTC).",Sci/Tech
AP - Residents burned tires and trash in the streets Thursday trying to drive off swarms of locusts descending on the region in what a U.N. agency called the worst sub-Saharan invasion in more than a decade.,Sci/Tech
"Mark Martin joined the growing list of longtime drivers easing their way out of NASCAR, announcing Thursday that the 2005 season will be his last as a full-time racer.",Sports
"The U.S. stock market experienced its most significant drop in over a week, with several companies adjusting their earnings projections.",Business
" TORONTO (Reuters) - New Internet-based technology could  soon turn regular computer users into armchair spies, a  Canadian inventor said on Monday.",Sci/Tech
"The World Economic Forum 2023 will be held in a new location, showcasing global economic trends.",World
"A major sports team has won the championship in the Women's National Soccer Team Championship, and the details of the game have been revealed.",Sports
"Barnstable had the upperhand once again. The Red Raiders are one win away from defending their MIAA Division 1 state volleyball championship after blanking Chelmsford, 3-0, in the semifinals last night in Mansfield. It was the second time this fall Chelmsford had been frustrated by the powerful Barnstable lineup.",Sports
"A global event was organized to discuss the impact of climate change on various regions of the world, emphasizing the urgency of addressing environmental issues.",World
"AP - Accompanied by a warning that its missiles have the range, Iran on Tuesday said it would destroy Israel''s Dimona nuclear reactor if the Jewish state were to attack Iran''s nuclear facilities.",World
Tulane officials have postponed Saturday #39;s football game against Louisville because of the threat of Hurricane Ivan. Tulane officials said in a statement Tuesday that the game is tentatively rescheduled for the weekend of Dec. 4 at the Superdome.,Sports
"The combined worldwide market for desktops, servers and packaged software running on Linux is forecast to grow at a 2003-2008 compound annual growth rate of 25.9 percent worldwide, reaching \$35.7 billion by 2008.",Sci/Tech
A WorldTech post on the latest developments in quantum computing and its applications.,World
"A major sports event is being held in the heart of the city, featuring highlights from popular teams and their players.",Sports
"A new scientific discovery is published, advancing medical research in cancer treatments.",Sci/Tech
"The Mac maker says it will replace about 28,000 batteries in one model of PowerBook G4 and tells people to stop using the notebook.",Sci/Tech
Breakthrough in AI Research,Sci/Tech
"A major tech company releases a new product, driving innovation and market expansion.",Sci/Tech
"The World is covering the political developments occurring in a major country, affecting global events.",World
"The U.S. government announced plans to expand its space-based weather satellite network, aiming to cover more than half the Earth.",World
"After you''ve joined the music revolution and plunked down \$250 for an Apple iPod mini, it''s easy to become quite protective of the little gizmo.",Sci/Tech
"The Recording Industry Association of America (RIAA) has filed 754 new lawsuits against alleged file-traders using peer-to-peer services, the trade group announced Thursday.",Sci/Tech
"SiliconValley.com - In August, Joshua Rosen, a San Francisco entrepreneur and art director, went live with a Web site that makes it very simple for people to register to vote.",Sci/Tech
"A sports team reported an unexpected player injury, prompting a thorough evaluation of the team's performance.",Sports
A major tech company announced a groundbreaking AI system enabling predictive analytics with enhanced accuracy.,Sci/Tech
"A sports team won the World Cup final, showcasing their competitive spirit and team spirit. The match was a thrilling moment for the participants and fans.",World
"The tech sector has shown signs of resilience as companies continue to innovate and expand their global operations. A recent survey highlighted increased investment in AI-driven solutions across industries, signaling a potential rebound in the global tech ecosystem.",Sci/Tech
Global Economic Summit Addresses Major Issues,Business
"A global sports tournament is being held, with predictions of increased participation and diverse competition formats.",World
"A new experimental tech project is being developed to optimize energy consumption in industrial processes, aiming for a 20% reduction in energy use.",Sci/Tech
"A new drug development has been approved by the FDA, leading to a breakthrough in treating a common medical condition.",Sci/Tech
"PalmSource today announced entry into an agreement for the acquisition of China MobileSoft Limited (CMS), a leading Chinese mobile phone software company with business operations headquartered with its wholly-owned subsidiary, MobileSoft Technology ",Sci/Tech
"Electronic Data Systems Corp., which lost business when customer US Airways Group Inc. filed for bankruptcy protection the first time, says the carrier #39;s latest filing also will hurt.",Business
"Oakland, CA (Sports Network) - The Oakland Athletics have acquired infielder Keith Ginter from the Milwaukee Brewers in exchange for pitcher Justin Lehr and outfielder Nelson Cruz.",Sports
"Do-it-yourself phishing kits are being made available for download free of charge from the Internet, according to anti-virus firm Sophos.\",Sci/Tech
"The World Economic Forum has been announced, bringing together leaders from around the globe to discuss global economic trends and challenges. This could be a great platform for discussions on business and finance.",Sci/Tech
"A Republican on how to survive in a Democratic town: This really is the greatest city in the world, but you are now behind enemy lines.",World
"A global event highlighted advancements in sustainable energy solutions, influencing various industries.",World
AI breakthrough could revolutionize industries from healthcare to finance.,Sci/Tech
"AP - As Philadelphia prepares to install monitoring cameras at some city intersections, officials say they''re not worried about studies that suggest the surveillance may lead to more accidents.",Sci/Tech
"Wide receiver Terrell Owens said he had a few end-zone celebrations prepared for Sunday #39;s game against the team he shunned in the offseason, the Baltimore Ravens.",Sports
"A breakthrough in AI has led to a new strategy for big tech companies, increasing efficiency.",Sci/Tech
"A man in Thailand has died of avian flu, the first human casualty in the country since the disease re-emerged in Asia in July, officials said Thursday.",World
The UN General Assembly votes on a new international body.,World
"A major sports tournament is set to begin, with a record number of participants. The article provides an update on the tournament and its significance.",Sports
"This holiday the hottest new products for kids have one thing in common: They all interact with the tube, whether by means of sensors, radio-wave technology or the regular old TV remote control.",Sci/Tech
"The World's largest sports league, the NBA, has released its schedule for the 2023-2024 season, with a mix of regular season games and playoff games.",Sports
"Like it or not, Rupert Murdoch is a New York City staple. As chairman of News Corp. (nyse: NWS - news - people ), the billionaire is a part of Gothamites #39; lives.",Business
"NEW YORK - Cisco Systems Inc. said Monday it has agreed to acquire Sunnyvale, California, software developer P-Cube Inc. in a cash-and-options deal Cisco valued at \$200 million.",Sci/Tech
Reuters - Thai scientists began an investigation\Monday into what some conservationists believe could be the\world''s biggest case of ape smuggling -- nearly 100 orangutan\found in a Bangkok amusement park.,Sci/Tech
"The World Cup 2022 concluded with stunning results, including new World Cup titles and historic player moments. The final match will determine the champion of the tournament.",World
An economic report from the World reveals growth potential for several industries.,Sci/Tech
"The World Cup final was held in a new location, with matches being held live on international streaming platforms.",World
"com November 4, 2004, 2:38 PM PT. This priority retains its ranking at number five as more and more companies deploy Web services to share business logic, data and processes with each other and with clients.",Sci/Tech
A company has raised $25 million in a new round of funding. The company announced its financial results and will provide an update to investors.,Business
"The stock market has experienced a significant decline, with major indices dropping by 5% in the past quarter, signaling market uncertainty.",Business
Order was restored to the Jets'' quarterbacking universe on Wednesday when Chad Pennington returned to practice with the first team.,Sports
"A tech-related article explores the impact of AI on business strategies, discussing recent developments.",Business
"A major sports tournament has concluded, with highlights and analysis providing viewers with key insights.",Sports
" ATLANTA (Reuters) - Quiznos Sub, the third-largest U.S.  sandwich chain, said on Wednesday it signed a deal to serve  PepsiCo Inc. &lt;A HREF=''http://www.investor.reuters.com/FullQuote.aspx?ticker=PEP.N target=/stocks/quickinfo/fullquote''&gt;PEP.N&lt;/A&gt; drinks in its U.S. outlets, ending a  23-year relationship with Coca-Cola Co. &lt;A HREF=''http://www.investor.reuters.com/FullQuote.aspx?ticker=KO.N target=/stocks/quickinfo/fullquote''&gt;KO.N&lt;/A&gt;",Business
"After months waiting for Microsoft to give me a reason to remain loyal, I finally dumped Internet Explorer for the Firefox Web browser last week.",Sci/Tech
"A sports event has taken place in a completely new location, showcasing the diversity of sports across the world. The event highlights the excitement and diversity of the sports world.",Sports
"A Jordanian who disappeared in Iraq two weeks ago and was believed to have been kidnapped has been freed and is in the custody of Iraqi police, Foreign Ministry spokesman Ali al-Ayed told reporters yesterday. ",World
Global health updates highlight the progress made in COVID-19 prevention measures.,World
"A new sports tournament is being organized, featuring highlights from the top teams in the league.",Sports
" NEW YORK (Reuters) - Stocks rose on Tuesday as a oil prices  slid below \$48 a barrel, offsetting caution as investors waited  for an expected quarter-point hike in U.S. interest rates and  results from technology bellwether Cisco Systems Inc. &lt;A HREF=''http://www.investor.reuters.com/FullQuote.aspx?ticker=CSCO.O target=/stocks/quickinfo/fullquote''&gt;CSCO.O&lt;/A&gt;.",Business
"A marathon runner achieves a new personal best, showcasing human potential.",Sports
TikTok's rise to fame has sparked discussions about its impact on social media and consumer behavior.,Business
"Talking in a teleconference this afternoon, David Richards insisted that the ending of the  quot;consultancy contract quot; between BAR and Prodive, and his subsequent departure from the team, was a mutual decision.",Sports
The World Economic Forum announced a new report on global economic trends. The report highlights the impact of remote work on employment rates and the global economy. This article will discuss the findings of the report and their implications for businesses and individuals.,World
A new tech startup has raised $50 million in a round focused on expanding its global reach and enhancing its product offerings. This could be a great opportunity for investors looking to capitalize on the growing interest in innovative technology companies.,Sci/Tech
"A sports team is being highlighted for their recent performance, showcasing their strengths.",Sports
"For those who need to make telephone calls in flight and don''t want to sell the second car to finance them, help is on the way.",Sci/Tech
"LONDON, Aug 20 (Reuters) - Jamaica striker Ricardo Fuller has joined Portsmouth from Preston North End on a two-year contract, the Premier League club said on Friday. ",Sports
The tech industry is expected to experience a 15% increase in revenue this quarter.,Sci/Tech
Workers at Apple #39;s Irish operations in Cork remain gloomy this morning over one European country that remains outside the reach of iTunes Europe - Ireland.,Sci/Tech
"A recent innovation in renewable energy technology has the potential to transform the energy industry, with a $1.5 billion investment coming from international partners.",Sci/Tech
"Nintendo and iQue to release Game Boy Advance SP later this month in 21 different cities in China. TOKYO--Nintendo has announced that it will launch the Game Boy Advance SP in China on October 27, Bloomberg Japan reports today.",Sci/Tech
"A global health organization has raised its global health funding target to $1.5 billion, reflecting increased global demand.",Business
Tom Lehma''s 5-under 67 on Saturday leaves him tied for the Funai Classic lead as he gets a third chance in as many weeks to end a five-year winning drought.,Sports
"A tech startup announced a groundbreaking AI system with 95% accuracy, promising advancements in personalized healthcare solutions.",Business
"When was the last time you heard about a company more than doubling its profit from the previous year, but an error in judgment restrained that profit?",Business
"Guatemala''s government agrees to pay millions of dollars to former paramilitaries, who some accuse of war crimes.",World
San Francisco Mayor Gavin Newsom has set a goal of providing free wireless Internet activity in his city that sees itself as a vanguard of the Internet revolution.,Sci/Tech
"By MATTHEW FORDAHL    SAN JOSE, Calif. (AP) -- After years of battling Microsoft Corp...",Sci/Tech
"A major tech company has launched its new product line, emphasizing efficiency and innovation in the renewable energy sector. This article covers the product launch announcement and its impact on the industry.",Sci/Tech
"AP - Latrell Sprewell was suspended for one game by the NBA on Tuesday for yelling a sexual vulgarity at a female fan during a game, the latest episode of a player clashing with spectators.",Sports
A World Cup match with a 76-year-old tennis player.,Sports
"NewsFactor - Retailers that saw impressive growth in year-over-year online sales during last year''s holiday season should not look for the same results this year, according to estimates by Forrester Research.",Sci/Tech
"A new biotech discovery was announced, leading to increased confidence in its efficacy across various fields.",Sci/Tech
"A scientific breakthrough has been made, advancing our understanding of a particular field of study.",Sci/Tech
Heart of Midlothian Plc said head coach Craig Levein is holding talks to take over as manager at Leicester City in England after steering the Scottish soccer club to the group stage of Europe #39;s UEFA Cup this season.,Sports
"A new scientific discovery is being highlighted in a press release, with details yet to be finalized.",Sci/Tech
"The World Cup 2022 is on the verge of its final match, with exciting games and new records.",World
"Although AIDS is thought of as a disease of the young, in the United States it is rapidly becoming one of the middle-aged and even the old.",Sci/Tech
"A major sports event is being held in the city, with updates from the organizing committee.",Sports
A detailed report on a recent World sports tournament highlights its significance.,World
"A team of scientists discovers a new pattern in genetic data, leading to potential breakthroughs.",Sci/Tech
A business tip on using social media effectively to engage with customers.,Sports
"A breakthrough in quantum computing could revolutionize fields like cryptography and optimization, leading to new algorithms.",Sci/Tech
"A local sports team has won the state championship, marking a major milestone for the community.",Sports
"Mike McKenzie got his wish yesterday, seven months after asking out of Green Bay. The Packers sent the disgruntled cornerback and a future conditional sixth-round ",Sports
"The Ontario government has announced new measures today to tackle child pornography online and Internet luring. Research shows 40 percent of Canadian youth report that someone they met on the Internet, requested personal information.",Sci/Tech
"AFP - Sudan condemned UN threats of sanctions against Khartoum, saying they would only undermine efforts to restore security in the devastated western region of Darfur.",World
A new breakthrough in quantum computing could revolutionize fields like cryptography and optimization.,Sci/Tech
"Tony Purnell, the boss of Jaguar Racing says that there is  quot;masses of interest quot; in the team, which the Ford Motor Company has decided to discontinue.",Sports
"The World Cup is underway, with countries undergoing updates to their national teams to reflect global standards.",World
"An Internet company has agreed to forgive \$17 million in customers'' bills as part of an agreement with the government, the Federal Trade Commission announced Monday.",Sci/Tech
"A leading tech company reported a 15% increase in revenue for the second quarter, signaling potential expansion in the global market.",Business
"The rise of quantum computing has sparked conversations about its potential future impact on various industries. While early applications show promise, the development of stable qubits and error correction mechanisms remains a significant challenge, prompting researchers and policymakers to explore the next steps in this field.",Business
"As part of its ongoing efforts to woo public sector customers, Microsoft Corp. has begun giving governments tools for collaborating and sharing technology information with other organizations so that they can learn from each other''s experiences and cut development costs.",Sci/Tech
"AI is being used to predict stock market trends, offering investors new insights into market movements.",Business
"SAP AG has agreed to acquire the Swiss and U.S. business units of SAP Systems Integration AG (SAP SI), bringing its absorption of the company nearer to completion.",Sci/Tech
"A major sports tournament is scheduled to take place in the coming months, featuring various teams from different regions.",World
John Robertson has this morning been confirmed as the new Hearts manager. Mr Robertson #39;s arrival follows several days of negotiation with Inverness Caly Thistle over a compensation package for the Highland club.,Sports
"European supermarket chain Tesco is planning to extend its RFID rollout in time for the Christmas rush. The company, which began using the tracking technology in October last year, will be introducing the ",Sci/Tech
"LONDON, Sep 17 (IranMania) - Iran #39;s powerful former president Akbar Hashemi Rafsanjani warned Friday that the International Atomic Energy Agencymay have to  quot;beg quot; for Tehran #39;s cooperation if it bows to US pressure.",World
"Hurricane Ivan looks set to cost tour operators as they race to get customers out of harm''s way, though future bookings may not suffer too much.",Business
A new startup is raising funds for a project that aims to revolutionize the way companies communicate with their customers.,Sports
A global event highlights the achievements of several countries in renewable energy and technology. The article provides an overview of the event.,World
"A major tech company announced a new AI system that could revolutionize manufacturing processes. The company, Tech Innovators Inc., has raised $50 million in an initial public Offering (IPO). This article will provide an overview of the company's announcement and the implications for the industry.",Sci/Tech
"NASA postponed for at least two days the launch of its robotic satellite-chasing spacecraft because the target satellite temporarily lost reception of a key navigational signal, the agency said yesterday.",Sci/Tech
